solo paper,0.642,0.941
2021-02-11 10:04:36,0.6490727260756329,0.9243814979927301
